C14ID,C14Age,C14SD,LabCode,Material,SiteID,Latitude,Longitude,Country
SUERC-137776,1469,25,St-7112,charcoal,S1974,57.28,18.62,Denmark
SUERC-138677,2938,26,St-7110,charcoal,S1974,57.28,18.62,Denmark
SUERC-137784,2953,19,Lu-1952,bone,S4026,55.76,12.41,Denmark
SUERC-138678,2999,26,OxA-2887,charcoal,S4118,55.05,14.88,Denmark
SUERC-137780,3027,25,OxA-2888,charcoal,S3136,55.04,14.92,Denmark
SUERC-137781,3458,19,OxA-2892,charcoal,S1928,55.05,14.91,Denmark
SUERC-137783,4427,19,T-3817,charcoal,S1163,55.6555,9.63115,Denmark
SUERC-137782,4505,20,Ua-1367,animal bone,S2359,58.1497,13.6386,Denmark
SUERC-137775,4533,26,Ua-1364,animal bone,S2358,54.783,12.033,Denmark
